country,iso3,region,official_source_url,source_type,strategy_title,scanned,notes
France,FRA,EUW,https://www.info.gouv.fr/upload/media/default/0001/13/8fa2d762fb5e16af19bbf7ed74dc77bece5e9fe9.pdf,gov,France 2030 - Stratégie nationale pour l'IA,Y,France 2030; rapport Villani 2018; ~1.5B EUR phase 1
Germany,DEU,EUW,https://www.ki-strategie-deutschland.de/,gov,KI-Strategie der Bundesregierung,Y,2018 launched updated since; EN PDF avail
United Kingdom,GBR,EUW,https://www.gov.uk/government/publications/national-ai-strategy,gov,National AI Strategy,Y,2021; AI Playbook 2025
Japan,JPN,APAC,https://www8.cao.go.jp/cstp/tougosenryaku/togo2025_zentai.pdf,gov,統合イノベーション戦略2025,Y,CAO; integrated innovation strategy
South Korea,KOR,APAC,https://www.msit.go.kr/eng/,gov,National AI Strategy,Y,MSIT; 2019 strat 2020-2030
India,IND,APAC,https://www.niti.gov.in/sites/default/files/2023-03/National-Strategy-for-Artificial-Intelligence.pdf,gov,National Strategy for AI,Y,NITI Aayog 2018; IndiaAI portal
China,CHN,APAC,https://digichina.stanford.edu/work/full-translation-chinas-new-generation-artificial-intelligence-development-plan-2017/,translation,New Generation AI Development Plan,Y,State Council 2017; orig zh; DigiChina EN
United Arab Emirates,ARE,MENA,https://u.ae/en/about-the-uae/strategies-initiatives-and-awards/strategies-plans-and-visions/innovation-and-future-shaping,gov,National Strategy for AI 2031,Y,u.ae official; PDF via MBZUAI cdn
Saudi Arabia,SAU,MENA,https://sdaia.gov.sa/en/SDAIA/SdaiaStrategies/Pages/NationalStrategyForDataAndAI.aspx,gov,National Strategy for Data & AI,Y,SDAIA; NSDAI Oct 2020
Singapore,SGP,APAC,https://www.smartnation.gov.sg/initiatives/national-ai-strategy/,gov,National AI Strategy 2.0,Y,NAIS 2.0 Dec 2023
Canada,CAN,AMER,https://ised-isde.canada.ca/site/ised/en/pan-canadian-artificial-intelligence-strategy,gov,Pan-Canadian AI Strategy,Y,ISED + CIFAR
Brazil,BRA,AMER,https://www.gov.br/governodigital/pt-br/estrategias-e-governanca-digital/estrategias-e-politicas-digitais/estrategia-brasileira-de-inteligencia-artificial,gov,EBIA,Y,9 thematic axes
Nigeria,NGA,AFRI,https://ncair.nitda.gov.ng/wp-content/uploads/2025/09/National-Artificial-Intelligence-Strategy-19092025.pdf,gov,National AI Strategy,Y,NITDA/NCAIR Sept 2025
Kenya,KEN,AFRI,https://ict.go.ke/sites/default/files/2025-03/Kenya%20AI%20Strategy%202025%20-%202030.pdf,gov,Kenya AI Strategy 2025-2030,Y,Ministry of ICT
Indonesia,IDN,APAC,https://korika.id/wp-content/uploads/2024/07/stranas-ka-2045.pdf,gov-affiliated,Stranas KA 2020-2045,Y,KORIKA (natl AI collab); govt strategy doc
Rwanda,RWA,AFRI,https://www.minict.gov.rw/ai-policy,gov,National AI Policy,Y,MINICT; RURA ethics guidelines
Egypt,EGY,MENA,https://ai.gov.eg/SynchedFiles/en/Resources/AIstrategy%20English%2016-1-2025-1.pdf,gov,National AI Strategy,Y,ai.gov.eg; updated Jan 2025
Estonia,EST,EUN,https://www.kratid.ee/en/kratt-visioon,gov,Kratt AI Strategy,Y,2022-2023 continuation
Chile,CHL,AMER,https://www.minciencia.gob.cl/areas/inteligencia-artificial/politica-nacional-de-inteligencia-artificial/,gov,Política Nacional de IA,Y,MinCiencia 2021; Decreto 12/2025
Australia,AUS,APAC,https://www.industry.gov.au/publications/national-ai-plan,gov,National AI Plan,Y,Dec 2025
Israel,ISR,MENA,https://innovationisrael.org.il/wp-content/uploads/2025/05/AI-National-Program-en-14.5.25.pdf,gov,National Program for AI,Y,Israel Innovation Authority; May 2025
Vietnam,VNM,APAC,https://chinhphu.vn/?pageid=27160&docid=202565&tagid=6&type=1,gov,Chiến lược QG về AI đến 2030,Y,Decision 127/QĐ-TTg
Netherlands,NLD,EUW,https://www.tweedekamer.nl/downloads/document?id=2019D39726,gov,Strategisch Actieplan voor AI,Y,2019; intl AI strategy 2026
Spain,ESP,EUW,https://digital.gob.es/digitalizacion/areas-interes/inteligencia-artificial,gov,ENIA,Y,6 axes 20 measures
Italy,ITA,EUW,https://www.agid.gov.it/sites/agid/files/2024-07/Strategia_italiana_per_l_Intelligenza_artificiale_2024-2026.pdf,gov,Strategia Italiana per l'IA 2024-2026,Y,AgID/innovazione.gov.it
Sweden,SWE,EUN,https://www.government.se/information-material/2026/02/swedens-ai-strategy/,gov,Sweden's AI Strategy,Y,Feb 2026; top-10 ambition
Norway,NOR,EUN,https://www.regjeringen.no/en/documents/nasjonal-strategi-for-kunstig-intelligens/id2685594/,gov,National Strategy for AI,Y,regjeringen.no EN PDF
Finland,FIN,EUN,https://julkaisut.valtioneuvosto.fi/bitstreams/665ed417-4ea6-4ca6-96ef-3df28201a4e0/download,gov,AI 4.0 Programme,Y,2017 AI Programme; AI 4.0 2022
Poland,POL,EUN,https://ai.gov.pl/media/2025/06/Polityka-rozwoju-sztucznej-inteligencji-w-Polsce-do-2030-r.pdf,gov,Polityka rozwoju SI do 2030,Y,ai.gov.pl; Nov 2025
Mexico,MEX,AMER,https://wp.oecd.ai/app/uploads/2022/01/Mexico_Agenda_Nacional_Mexicana_de_IA_2030.pdf,gov-via-oecd,Agenda Nacional Mexicana de IA,Y,2018 early adopter; ANIA alliance
Argentina,ARG,AMER,https://oecd-opsi.org/wp-content/uploads/2021/02/Argentina-National-AI-Strategy.pdf,gov-via-oecd,Plan Nacional de IA,Y,hosted OECD-OPSI
Qatar,QAT,MENA,https://qcai.qcri.org/wp-content/uploads/2022/12/QCRI-Artificial-Intelligence-Strategy-2019-ENG.pdf,gov-affiliated,National AI Strategy for Qatar,Y,QCRI/QCAI 2019
Turkey,TUR,MENA,https://wp.oecd.ai/app/uploads/2021/12/Turkey_National_Artificial_Intelligence_Strategy_2021-2025.pdf,gov-via-oecd,National AI Strategy 2021-2025,Y,6 strategies
Morocco,MAR,AFRI,https://ledesk.ma/2026/01/12/maroc-ia-2030-le-gouvernement-devoile-sa-feuille-de-route-et-affiche-ses-ambitions/,news,Maroc IA 2030 (feuille de route),Y,Jan 2026 roadmap; official strat forthcoming
South Africa,ZAF,AFRI,https://www.dcdt.gov.za/sa-national-ai-policy-framework/file/338-sa-national-ai-policy-framework.html,gov,SA National AI Policy Framework,Y,DCDT Oct 2024
Malaysia,MYS,APAC,https://ai.gov.my/,gov,National AI Action Plan 2026-2030,Y,National AI Office (NAIO); AI Roadmap 2021-2025
Thailand,THA,APAC,https://www.ai.in.th/en/about-ai-thailand/,gov,National AI Strategy & Action Plan 2022-2027,Y,PM Cabinet approved Jul 2022
Philippines,PHL,APAC,https://pcieerd.dost.gov.ph/wp-content/uploads/2026/01/Artificial_Intelligence_Roadmap_Dec15.pdf,gov,NAIS-PH,Y,DTI/DOST; NAIS approved May 2025
Colombia,COL,AMER,https://www.dnp.gov.co/publicaciones/Planeacion/Paginas/conpes-4144-hoja-de-ruta-colombia-inteligencia-artificial-retos-actuales-transformacion-futura.aspx,gov,CONPES 4144,Y,DNP 2025; builds on CONPES 3975/2019
Peru,PER,AMER,https://www.gob.pe/institucion/pcm/noticias/1387571-gobierno-presenta-la-estrategia-nacional-de-inteligencia-artificial-enia-para-fortalecer-la-gestion-segura-inclusiva-y-etica-de-la-ia,gov,ENIA 2026-2030,Y,PCM; RM 152; presented May 2026
Uruguay,URY,AMER,https://www.gub.uy/agencia-gobierno-electronico-sociedad-informacion-conocimiento/comunicacion/publicaciones/estrategia-nacional-inteligencia-artificial-2024-2030,gov,Estrategia Nacional de IA 2024-2030,Y,AGESIC
Ireland,IRL,EUW,https://www.gov.ie/en/department-of-the-taoiseach/press-releases/government-publishes-new-digital-ai-strategy,gov,Digital Ireland / National AI Strategy,Y,Feb 2026; refresh 2024
Denmark,DNK,EUN,https://www.english.digmin.dk/Media/638719220318136690/Stategic%20Approach%20to%20Artificial%20Intelligence.pdf,gov,Strategic Approach to AI,Y,digmin.dk; Jan 2025
Czech Republic,CZE,EUN,https://mpo.gov.cz/en/business/digital-economy/artificial-intelligence/,gov,National AI Strategy 2030,Y,MPO; 7 key areas
Ukraine,UKR,EUN,https://ai.thedigital.gov.ua/en,gov,AI Strategy to 2030 (draft),Y,Min Digital Transformation; draft Nov 2025
Kazakhstan,KAZ,ASIA,https://primeminister.kz/en/news/concept-for-artificial-intelligence-development-for-2024-2029-adopted-by-government-28786,gov,AI Development Concept 2024-2029,Y,dedicated Ministry of AI & Digital Dev
Bahrain,BHR,MENA,https://www.iga.gov.bh/en/article/bahrain-launches-national-ai-policy-and-adopts-gcc-ethics-manual,gov,National AI Policy,Y,IGA; adopts GCC ethics manual; Jul 2025
Ghana,GHA,AFRI,https://moc.gov.gh/2026/04/24/ghana-launches-national-ai-strategy-to-drive-digital-transformation-and-economic-growth/,gov,National AI Strategy,Y,Min Communication; launched Apr 2026
Bangladesh,BGD,APAC,https://aipolicy.gov.bd/,gov,National AI Policy 2026-2030,Y,draft v2.0 public review Jul 2026; incl compute strategy
New Zealand,NZL,APAC,https://www.mbie.govt.nz/business-and-employment/economic-growth/digital-policy/new-zealands-ai-strategy-investing-with-confidence,gov,New Zealand's AI Strategy,Y,MBIE; adoption-focused; Jul 2025
Switzerland,CHE,EUW,https://www.bk.admin.ch/en/artificial-intelligence,gov,(no overarching strategy - deliberate),Y,ABSENCE-SIGNAL: Federal Council opts for framework conditions not a strategy
Austria,AUT,EUW,https://www.bmimi.gv.at/dam/jcr:8acef058-7167-4335-880e-9fa341b723c8/aimat_ua.pdf,gov,AIM AT 2030,Y,Artificial Intelligence Mission Austria
Belgium,BEL,EUW,http://bosa.belgium.be/en/themes/digital-administration/digital-strategy-and-policy/national-convergence-plan-development,gov,National Convergence Plan for AI,Y,Council of Ministers Oct 2022; federal+regional
Portugal,PRT,EUW,https://bussola.gov.pt/SitePages/%C2%ABAI-Portugal-2030%C2%BB-Estrat%C3%A9gia-Nacional-da-Intelig%C3%AAncia-Artificial.aspx,gov,AI Portugal 2030,Y,published 2019
Greece,GRC,EUS,https://foresight.gov.gr/en/studies/A-Blueprint-for-Greece-s-AI-Transformation/,gov,Blueprint for Greece's AI Transformation,Y,foresight.gov.gr; Nov 2024
Hungary,HUN,EUN,https://mik.neum.hu/wp-content/uploads/2025/03/2020-hungarian-AI-strategy.pdf,gov,Hungary AI Strategy 2020-2030,Y,strategic autonomy framing
Romania,ROU,EUN,https://dig.watch/resource/romanias-national-artificial-intelligence-strategy-for-2024-2027,gov-via-tracker,National AI Strategy 2024-2027,Y,Gov Decision 832 Jul 2024
Serbia,SRB,EUS,https://ai.gov.rs/vest/en/1296/serbia-adopts-strategy-for-the-development-of-artificial-intelligence-for-the-period-20252030.php,gov,AI Development Strategy 2025-2030,Y,ai.gov.rs; adopted Jan 2025
Oman,OMN,MENA,https://mtcit.gov.om/library-3/legislations-policies-8/policies-73/general-policy-for-the-safe-and-ethical-use-of-artificial-intelligence-systems-291,gov,National AI Policy 2025,Y,MTCIT
Kuwait,KWT,MENA,https://dig.watch/resource/the-kuwait-national-ai-strategy-2025-2028-draft,gov-via-tracker,National AI Strategy 2025-2028 (draft),Y,target leader by 2028
Jordan,JOR,MENA,https://www.modee.gov.jo/ebv4.0/root_storage/en/eb_list_page/40435648.pdf,gov,AI Strategy & Implementation Plan,Y,MoDEE
Tunisia,TUN,AFRI,https://www.lapresse.tn/2025/11/05/la-tunisie-prepare-sa-strategie-nationale-de-lintelligence-artificielle/,news,Stratégie nationale IA (en préparation),Y,priorities health/agri/digital sovereignty; strat forthcoming 2026
Senegal,SEN,AFRI,https://www.africadataprotection.org/sources/Synth%C3%A8se%20de%20la%20strat%C3%A9gie%20IA%20du%20S%C3%A9n%C3%A9gal.pdf,gov,Stratégie nationale IA (horizon 2028),Y,4 objectives; Team Europe collab 2023
Uganda,UGA,AFRI,https://ict.go.ug/site/documents/uganda-national-ai-landscape-assessment.pdf,gov,National AI Landscape Assessment,Y,pre-strategy; governance decision expected end-2025
Sri Lanka,LKA,APAC,https://mode.gov.lk/notices/AI%20Sri%20Lanka%20Sri%20Lanka%E2%80%99s%20National%20Strategy%20on%20AI%20Open%20for%20Public%20Consultation,gov,National Strategy on AI,Y,MoDE; builds on Digital Strategy 2030
Pakistan,PAK,APAC,https://moitt.gov.pk/SiteImage/Policies/National%20AI%20Policy.pdf,gov,National AI Policy 2025,Y,MoITT; cabinet approved Jul 2025
Taiwan,TWN,APAC,https://english.ey.gov.tw/News3/9E5540D592A5FECD/1dec0902-e02a-49c6-870d-e77208481667,gov,AI Taiwan Action Plan 2.0,Y,Executive Yuan; orig 2018-2021
Russia,RUS,EUN,https://cset.georgetown.edu/wp-content/uploads/Decree-of-the-President-of-the-Russian-Federation-on-the-Development-of-Artificial-Intelligence-in-the-Russian-Federation-.pdf,translation,National AI Development Strategy to 2030,Y,Presidential Decree 490 Oct 2019; CSET EN
Luxembourg,LUX,EUW,https://gouvernement.lu/dam-assets/images-documents/actualites/2025/05/16-strategies-ai-donnees-quantum/2024115332-ministere-etat-strategy-ai-en-bat-acc-ua.pdf,gov,Luxembourg AI Strategy,Y,AI Factory; digital sovereignty 2030
Costa Rica,CRI,AMER,https://www.micitt.go.cr/gobierno_digital/inteligencia_artificial,gov,Estrategia Nacional de IA 2024-2027,Y,MICITT
Nepal,NPL,APAC,https://giwmscdnone.gov.np/media/pdf_upload/National%20AI%20Policy-Final_uxc94vg.pdf,gov,National AI Policy 2025,Y,MoCIT
Lithuania,LTU,EUN,https://eimin.lrv.lt/uploads/eimin/documents/files/DI_strategija_ENG(1).pdf,gov,Lithuanian AI Strategy,Y,Min Economy & Innovation 2019
Latvia,LVA,EUN,https://ai-watch.ec.europa.eu/countries/latvia-0/latvia-ai-strategy-report_en,gov-via-aiwatch,Developing AI Solutions,Y,2020
Slovenia,SVN,EUS,https://www.gov.si/assets/ministrstva/MDP/National_Programme_for_AI_2025.pdf,gov,NpAI 2025,Y,National Programme for AI
Slovakia,SVK,EUN,https://mirri.gov.sk/wp-content/uploads/2019/10/SDT-English-Version-FINAL.pdf,gov,2030 Digital Transformation Strategy (AI within),Y,MIRRI; AI embedded in digital strat
Croatia,HRV,EUS,https://ai-watch.ec.europa.eu/countries/croatia/croatia-ai-strategy-report_en,gov-via-aiwatch,National AI Strategy (in development),Y,IN-DEV; working group; digital Croatia 2032 mentions AI
Bulgaria,BGR,EUS,https://www.mtc.government.bg/sites/default/files/conceptforthedevelopmentofaiinbulgariauntil2030.pdf,gov,Concept for Development of AI until 2030,Y,2020-2030
Ethiopia,ETH,AFRI,https://www.lawethiopia.com/images/Policy_documents/Ethiopian%20ai%20policy.pdf,gov,National AI Policy,Y,federal executive adopted 2024
Algeria,DZA,AFRI,https://www.aps.dz/fr/algerie/actualite-nationale/mpl9oi57-la-strategie-nationale-d-intelligence-artificielle-a-l-ordre-du-jour,gov-news,Stratégie nationale IA (projet),Y,IN-DEV; PM reviewed draft May 2026
Azerbaijan,AZE,ASIA,https://dig.watch/resource/the-artificial-intelligence-strategy-of-the-republic-of-azerbaijan-for-2025-2028,gov-via-tracker,AI Strategy 2025-2028,Y,approved
Uzbekistan,UZB,ASIA,https://lex.uz/en/docs/7159258,gov,AI Development Strategy until 2030,Y,Resolution RP-358 Oct 2024
Cyprus,CYP,EUS,https://www.gov.cy/dmrid/en/documents/national-strategy-for-artificial-intelligence/,gov,National Strategy for AI,Y,Council of Ministers 2019
Mauritius,MUS,AFRI,https://treasury.govmu.org/Documents/Strategies/Mauritius%20AI%20Strategy.pdf,gov,Mauritius AI Strategy,Y,relaunched w/ FAIR Guidelines Apr 2026
Armenia,ARM,ASIA,https://www.gov.am/en/news/item/9940/,gov,AI Strategy for Armenia,Y,announced 2021
Georgia,GEO,ASIA,https://www.pmcresearch.org/policypapers_file/cbd96050fe3956d32.pdf,research,AI readiness (pre-strategy),Y,IN-DEV; UNESCO RAM assessment 2025
Brunei,BRN,APAC,https://www.mtic.gov.bn/Lists/Speeches/NewDispItem.aspx?ID=241,gov,National AI Strategy (in development),Y,IN-DEV; MTIC developing; AITI draft ethics guide
Dominican Republic,DOM,AMER,https://agendadigital.gob.do/wp-content/uploads/2023/10/Final_ENIA-Estrategia-Nacional-de-Inteligencia-Artificial-de-la-Republica-Dominicana-.pdf,gov,ENIA,Y,OGTIC/agenda digital 2023
Paraguay,PRY,AMER,https://www.unesco.org/es/articles/paraguay-presenta-su-primera-evaluacion-integral-en-inteligencia-artificial-con-apoyo-de-unesco-y-la,gov-via-unesco,AI readiness (pre-strategy),Y,IN-DEV; UNESCO RAM; first ENIA forthcoming
Hong Kong,HKG,APAC,https://www.digitalpolicy.gov.hk/en/our_work/data_governance/policies_standards/ethical_ai_framework/,gov,Ethical AI Framework / GenAI Guideline,Y,SAR-level; policy address AI team 2025
United States,USA,AMER,https://www.whitehouse.gov/wp-content/uploads/2025/07/Americas-AI-Action-Plan.pdf,gov,America's AI Action Plan,Y,ai.gov portal; EO 14179; 3 pillars innovation/infrastructure/diplomacy
